candidate,metric,direction,mean_improvement,ci95_low,ci95_high,n_pairs
full_no_illumination,ssim,higher,0.24443562701112106,0.22747658875072607,0.2621458954561766,24
full_no_illumination,signal_pearson,higher,0.35031949256956524,0.32541840652825593,0.3755193552997687,24
full_no_illumination,signal_nrmse,lower,0.10563347558490932,0.09877149882377126,0.11205575641361065,24
full_no_illumination,background_fraction,lower,0.09933032300254101,0.09100074389576986,0.10698319366637749,24
full_no_illumination,registration_error_px,lower,2.192219893176419,2.043089429998266,2.3334651136266378,24
full_no_illumination,protein_pearson,higher,0.05726282247072485,0.048858228043796206,0.06398320243568045,5
full_no_illumination,cell_type_balanced_accuracy,higher,0.04227548514751054,0.02860027697661483,0.05595028309805929,5
full_no_illumination,cell_stage_r2,higher,0.0011619806289672851,-0.028741659522056578,0.02653474807739258,5
full_no_illumination,cell_stage_mae,lower,0.0028320908546447753,-0.0014501556754112244,0.007295387983322144,5
