sample_id,severity,pipeline,ssim,signal_pearson,signal_nrmse,background_fraction,registration_error_px,runtime_ms
0,0.5,raw,0.5687593712073745,0.883592389873722,0.09846795909106731,0.17647765623891198,0.6176949143409729,0.0575000885874033
0,0.5,background_only,0.5781602698673184,0.8841393977033748,0.09785592276602983,0.16611407061094102,0.6176949143409729,1.9084159284830093
0,0.5,illumination_only,0.5525934713207081,0.8434961504812399,0.11589868273586035,0.18882067920654738,0.6176949143409729,5.828874884173274
0,0.5,registration_only,0.617376854900834,0.9716837186489011,0.06705891340970993,0.17152932964291892,0.04312092438340187,7.087166886776686
0,0.5,full,0.6221404859624848,0.9261927400894625,0.08162993099540472,0.16880773390249873,0.04312092438340187,8.502332959324121
0,0.5,full_no_background,0.6032148775139272,0.9295634011952149,0.08337208535522223,0.18613921090931185,0.04312092438340187,6.4916659612208605
0,0.5,full_no_illumination,0.637961127981601,0.9721448152822927,0.06309612933546305,0.15384650782077353,0.04312092438340187,3.063624957576394
0,0.5,full_no_registration,0.5611990026266165,0.8405746865049604,0.11589902359992266,0.1805366292590654,0.6176949143409729,7.165249902755022
1,0.5,raw,0.5580581596662639,0.8735337907003848,0.10349434986710548,0.18724637888026047,0.8230105042457581,0.06070802919566631
1,0.5,background_only,0.5674838402341881,0.8751465600272779,0.10205158963799477,0.17401688483765373,0.8230105042457581,1.9942910876125097
1,0.5,illumination_only,0.5044793833908392,0.782230387489159,0.14483159966766834,0.2096024921890056,0.8230105042457581,5.167125025764108
1,0.5,registration_only,0.6241876373900084,0.973968752317223,0.05829598940908909,0.1767128143140153,0.05321440100669861,1.115499995648861
1,0.5,full,0.586686677982805,0.8857327217620112,0.11349722556769848,0.17557932292225087,0.04193687066435814,8.172250119969249
1,0.5,full_no_background,0.5646666781720022,0.8881824090100928,0.11771062016487122,0.20104252595990185,0.04193687066435814,6.371166091412306
1,0.5,full_no_illumination,0.6495114086054691,0.9762825008388807,0.05356096662580967,0.15250998481348613,0.05321440100669861,2.9731669928878546
1,0.5,full_no_registration,0.5133434084572945,0.7799283052170004,0.14427664875984192,0.19874760374699402,0.8230105042457581,7.101207971572876
2,0.5,raw,0.5077967519688087,0.8107577502448382,0.13243715092539787,0.19298360410937174,1.2048406600952148,0.04566693678498268
2,0.5,background_only,0.5189348322238327,0.8119039243155256,0.132656367495656,0.1792517153010931,1.2048406600952148,1.9114580936729908
2,0.5,illumination_only,0.48374030687660485,0.7664353409010217,0.14988033659756184,0.2089252883708215,1.2048406600952148,5.310083040967584
2,0.5,registration_only,0.6086399170454667,0.9731108989495385,0.0647873105481267,0.17675572488136096,0.02527008019387722,1.1638749856501818
2,0.5,full,0.6042591226708149,0.9414717247316786,0.089478581212461,0.16630641192724568,0.02527008019387722,8.648541057482362
2,0.5,full_no_background,0.5817252320916618,0.9362292635767742,0.09564504399895668,0.19254710649806123,0.02527008019387722,6.5659580286592245
2,0.5,full_no_illumination,0.6343834014567777,0.973660030003195,0.061359087005257607,0.15262353519777985,0.02527008019387722,3.2874580938369036
2,0.5,full_no_registration,0.4931866825452932,0.7704500343077589,0.1486596902832389,0.1943634056788091,1.2048406600952148,7.17345904558897
3,0.5,raw,0.48844447679809144,0.7644624986477101,0.13883737195283175,0.18426290552935493,1.1718312501907349,0.04495913162827492
3,0.5,background_only,0.49810703766473313,0.7669856261446264,0.13737967889755964,0.17542732076094128,1.1718312501907349,2.048624912276864
3,0.5,illumination_only,0.4759352108912204,0.7367427577526153,0.14960065484046936,0.19735082568941031,1.1718312501907349,5.237708101049066
3,0.5,registration_only,0.5948681915634639,0.9670640407701702,0.06698351632803679,0.1713279010866808,0.06675980240106583,1.1877499055117369
3,0.5,full,0.6074574604741712,0.9355695493657715,0.08074685838073492,0.15908197660555326,0.052083831280469894,8.21479200385511
3,0.5,full_no_background,0.5815867793361403,0.9325903828027613,0.08507260121405125,0.1849328880886172,0.052083831280469894,6.283375201746821
3,0.5,full_no_illumination,0.6244332951996591,0.9705855019672224,0.06006159819662571,0.1465472330485859,0.06675980240106583,2.999125048518181
3,0.5,full_no_registration,0.4832464645184429,0.738753538056758,0.14907482359558344,0.18897500116571178,1.1718312501907349,6.97262492030859
4,0.5,raw,0.4952899512086465,0.8103762533495255,0.12234844919294119,0.19249382114170038,1.037868857383728,0.043042004108428955
4,0.5,background_only,0.5057288646290996,0.8118050567237076,0.12027725297957659,0.17966974810256434,1.037868857383728,1.8616251181811094
4,0.5,illumination_only,0.47324430231477643,0.7736715484705725,0.14131966512650251,0.20552250969789534,1.037868857383728,5.192499840632081
4,0.5,registration_only,0.5823892610083063,0.9717869635820715,0.07567058224231005,0.17629317827839885,0.05909052491188049,1.0385410860180855
4,0.5,full,0.5852015733757102,0.9291849352176379,0.09640233404934406,0.16656754794963777,0.05909052491188049,8.389292052015662
4,0.5,full_no_background,0.5623446916429942,0.9280476992007373,0.10052965302020311,0.18942328477672343,0.05909052491188049,6.360415834933519
4,0.5,full_no_illumination,0.6081928781834776,0.9729752363264865,0.06950797326862812,0.1541953477048895,0.05909052491188049,3.0458341352641582
4,0.5,full_no_registration,0.4818835274326485,0.7758465149664795,0.14053152687847614,0.19347779982745936,1.037868857383728,7.17266695573926
5,0.5,raw,0.5225185965895861,0.8037824616197202,0.12969675846397877,0.18184281765493934,1.279860496520996,0.05450006574392319
5,0.5,background_only,0.526224434792652,0.805527305859527,0.1295632729306817,0.17594099212589764,1.279860496520996,1.8861659336835146
5,0.5,illumination_only,0.5075520558428503,0.7748367798204169,0.14127508085221052,0.19786976263442102,1.279860496520996,5.447000032290816
5,0.5,registration_only,0.6301282932195686,0.9710023000358579,0.06324863061308861,0.16351648645191041,0.0450030155479908,1.101417001336813
5,0.5,full,0.6339999083038361,0.9196290788262752,0.08520446438342333,0.15972691939416322,0.042792707681655884,8.81070806644857
5,0.5,full_no_background,0.6157673597973512,0.9187884551868962,0.08673959504812956,0.17865312078008083,0.06114627793431282,6.430333945900202
5,0.5,full_no_illumination,0.6522870192542833,0.9741359731384494,0.05726019758731127,0.1455686122206133,0.034163810312747955,2.961583901196718
5,0.5,full_no_registration,0.5109946915064938,0.7758260267034838,0.14175073709338903,0.19142287181282236,1.279860496520996,6.98454212397337
6,0.5,raw,0.5419246894113984,0.8536935596152624,0.11783178523182869,0.18830938957460505,1.1883326768875122,0.04858383908867836
6,0.5,background_only,0.5519164611634304,0.8560344081376737,0.11584481969475746,0.17314503811820622,1.1883326768875122,1.8308749422430992
6,0.5,illumination_only,0.5173589135654828,0.8316021327125839,0.1331704631447792,0.1972027777875358,1.1883326768875122,5.206916946917772
6,0.5,registration_only,0.6236266014700393,0.9646877732232816,0.07469259947538376,0.17834505635658485,0.03302576020359993,1.046875026077032
6,0.5,full,0.6180178606361194,0.9369080709497201,0.09554248489439487,0.1686826449748089,0.03302576020359993,8.397249970585108
6,0.5,full_no_background,0.5945782413638346,0.9399647166204029,0.09964459016919136,0.18870906860524683,0.03302576020359993,6.119458004832268
6,0.5,full_no_illumination,0.6475374423601825,0.9683693855705862,0.06812919769436121,0.1563707044467445,0.03302576020359993,2.835458144545555
6,0.5,full_no_registration,0.5269517196667018,0.8289262298037263,0.13342053815722466,0.18677666582881522,1.1883326768875122,6.998625118285418
7,0.5,raw,0.5057595830985107,0.7906906421069921,0.13521257508546114,0.20056364258278297,1.3095872402191162,0.060499878600239754
7,0.5,background_only,0.5146817803564395,0.7890706096031841,0.13494906015694141,0.18648475926676006,1.3095872402191162,1.937708118930459
7,0.5,illumination_only,0.49099095343868865,0.7543559613210943,0.14732671529054642,0.215151653217356,1.3095872402191162,5.370917031541467
7,0.5,registration_only,0.6174716917472679,0.9672363794308432,0.0699460469186306,0.1792337937437325,0.03784831985831261,1.0413751006126404
7,0.5,full,0.6200598182252689,0.923160866855192,0.09270325023680925,0.17023779459575086,0.050152748823165894,8.371416945010424
7,0.5,full_no_background,0.5983932490556366,0.9252637913337465,0.09502058662474155,0.19326684987208792,0.050152748823165894,6.146915955469012
7,0.5,full_no_illumination,0.6417028723285751,0.966800607987352,0.06575113441795111,0.15686209721892688,0.03784831985831261,2.903084037825465
7,0.5,full_no_registration,0.4990855521215794,0.7519057142736095,0.14800443965941668,0.2016719363108031,1.3095872402191162,7.788792019709945
8,0.5,raw,0.5723066671057835,0.900810941791268,0.09880464524030685,0.1716384162410666,0.6820750832557678,0.05100015550851822
8,0.5,background_only,0.5851695506385942,0.9027681059763807,0.09614729695022106,0.15618971953112176,0.6820750832557678,1.9695411901921034
8,0.5,illumination_only,0.5675647927140228,0.8967742930107246,0.09678964409977198,0.1805901061583763,0.6820750832557678,5.9495409950613976
8,0.5,registration_only,0.6068337471159262,0.9674605134162075,0.08016139827668667,0.17330988779464754,0.04717545583844185,1.2291250750422478
8,0.5,full,0.6304873474804904,0.9554265921140808,0.07594870217144489,0.15796930395982023,0.04717545583844185,8.832665858790278
8,0.5,full_no_background,0.6059731188446376,0.9547865485007015,0.07722606416791677,0.18302937265494645,0.04717545583844185,6.271708989515901
8,0.5,full_no_illumination,0.6331311063730318,0.9684546620166128,0.07542538549751043,0.14937925502616411,0.04717545583844185,3.149874974042177
8,0.5,full_no_registration,0.5792516309323859,0.8978971388545786,0.09658099804073572,0.16519001872290892,0.6820750832557678,7.104499964043498
9,0.5,raw,0.5406907724160528,0.8419263950268417,0.1217511473223567,0.17515058204610856,1.1408449411392212,0.0677499920129776
9,0.5,background_only,0.5493069654897166,0.8430429568430402,0.12086061667650938,0.16324141222811386,1.1408449411392212,1.9725000020116568
9,0.5,illumination_only,0.5159000274126222,0.783617894766159,0.14142858609557152,0.19236817927184274,1.1408449411392212,5.14412485063076
9,0.5,registration_only,0.6176730392910655,0.9649977463983752,0.07490453030914068,0.16932464038387854,0.03423510864377022,1.1215000413358212
9,0.5,full,0.6129207882485324,0.8931272283074116,0.10619370825588703,0.16433239101634195,0.04915992543101311,8.386125089600682
9,0.5,full_no_background,0.5916335602341662,0.892527070966774,0.10867169871926308,0.18610602985371644,0.04915992543101311,6.129000103101134
9,0.5,full_no_illumination,0.6422437754845719,0.9675178796177082,0.0703037092462182,0.14858418851605396,0.03423510864377022,3.0841249972581863
9,0.5,full_no_registration,0.5248889179107946,0.7833791604006918,0.14121484570205212,0.1813428969772016,1.1408449411392212,6.967124994844198
10,0.5,raw,0.5300368177038107,0.8076466253366088,0.12601338792592287,0.18485252979975558,1.0076438188552856,0.07037492468953133
10,0.5,background_only,0.5419246210597022,0.8095999745144766,0.1256333952769637,0.17042115959528784,1.0076438188552856,2.527124946936965
10,0.5,illumination_only,0.5016753319538677,0.7498061216982802,0.15084098279476166,0.19970268318299056,1.0076438188552856,5.2586670499295
10,0.5,registration_only,0.6162568131980866,0.9724304977903855,0.06290373392403126,0.1706207942449612,0.051739949733018875,1.0511248838156462
10,0.5,full,0.6135645947273516,0.9183642615107853,0.09514444507658482,0.16324033751503436,0.05686800554394722,8.399459067732096
10,0.5,full_no_background,0.5872442104548279,0.9168281055472627,0.09960134886205196,0.18884838759941522,0.05686800554394722,6.2346248887479305
10,0.5,full_no_illumination,0.6462301427328867,0.9736608835749196,0.058470845222473145,0.1461929183342727,0.051739949733018875,2.9435830656439066
10,0.5,full_no_registration,0.5125175269732138,0.7521771855297718,0.1503558736294508,0.18602291370606472,1.0076438188552856,7.061749929562211
11,0.5,raw,0.5089598451645176,0.7948978291428354,0.13437713775783777,0.18039338304468147,1.2699440717697144,0.060999998822808266
11,0.5,background_only,0.517678768502097,0.7971138479165797,0.13396999426186085,0.16898414305484638,1.2699440717697144,1.833624904975295
11,0.5,illumination_only,0.49650121580356044,0.7741313288854286,0.1394220096990466,0.1896932713202617,1.2699440717697144,5.8094169944524765
11,0.5,registration_only,0.6190505969834681,0.9662294270859813,0.06956606358289719,0.16228212749011003,0.03957287594676018,1.1359159834682941
11,0.5,full,0.6235860268906029,0.9312784840734043,0.08331893850117922,0.1541989904749224,0.03957287594676018,8.46979208290577
11,0.5,full_no_background,0.6020048828336502,0.9325628093594629,0.0867127375677228,0.17248883069385645,0.03957287594676018,6.289083044975996
11,0.5,full_no_illumination,0.6425256891370993,0.9684042224000189,0.06397377885878086,0.14348166240640417,0.03957287594676018,3.1244580168277025
11,0.5,full_no_registration,0.5056138160753364,0.7740849989794802,0.13978571724146605,0.18003486099664467,1.2699440717697144,7.049000123515725
12,0.5,raw,0.5514640354609727,0.893549924948575,0.09962168987840414,0.18846351750271154,0.9463093876838684,0.07879198528826237
12,0.5,background_only,0.5627382306913546,0.8926793185822,0.09868995100259781,0.17277352947069363,0.9463093876838684,2.028082963079214
12,0.5,illumination_only,0.5320622507961794,0.8444352677512512,0.11786386370658875,0.19949718168676905,0.9463093876838684,5.275583127513528
12,0.5,registration_only,0.6118044834302445,0.9756882037432406,0.05705446843057871,0.18508648671903583,0.04512402042746544,1.1397921480238438
12,0.5,full,0.6104498672977745,0.9178807790778621,0.08633128087967634,0.172482497658349,0.04512402042746544,8.33908305503428
12,0.5,full_no_background,0.5876437349568904,0.9226137719549137,0.08704520761966705,0.19965534204012284,0.04512402042746544,6.133582908660173
12,0.5,full_no_illumination,0.6387967312572536,0.9756619531894786,0.05341978929936886,0.1582662766065866,0.04512402042746544,2.9331250116229057
12,0.5,full_no_registration,0.5404913981016122,0.8403714251413102,0.11931458208709955,0.18593251398923008,0.9463093876838684,6.950958166271448
13,0.5,raw,0.5590902668089939,0.8516700944212283,0.10372505057603121,0.15374673711209752,0.9044692516326904,0.059416983276605606
13,0.5,background_only,0.5662306995054041,0.8525840100567418,0.10290359891951084,0.14536807250401484,0.9044692516326904,1.84954097494483
13,0.5,illumination_only,0.5299280575607375,0.789363295627486,0.13476698845624924,0.1649729055854861,0.9044692516326904,5.258125020191073
13,0.5,registration_only,0.6109900916692295,0.9669576786174328,0.06163069233298302,0.15377230896185676,0.016020052134990692,1.0551249142736197
13,0.5,full,0.5964101608566952,0.8865976599912617,0.10749469324946404,0.1495138434107602,0.016020052134990692,8.391166804358363
13,0.5,full_no_background,0.5766078665135945,0.884203846780395,0.11029475554823875,0.1676241479473205,0.016020052134990692,6.183666875585914
13,0.5,full_no_illumination,0.6335960568880294,0.9684427195469403,0.05844986904412508,0.13601661612956584,0.016020052134990692,2.7797501534223557
13,0.5,full_no_registration,0.5371555744537388,0.7907023540214385,0.1336869727820158,0.1584637035828361,0.9044692516326904,7.013916037976742
14,0.5,raw,0.539450763788665,0.8254400356523526,0.12721729278564453,0.18058839056202491,1.2087279558181763,0.06283284164965153
14,0.5,background_only,0.5490505606390861,0.8267015992894702,0.12604740634560585,0.16946753112856672,1.2087279558181763,1.8922500312328339
14,0.5,illumination_only,0.4955915104301307,0.7267210263294058,0.16785039007663727,0.1969294351009601,1.2087279558181763,5.3070830181241035
14,0.5,registration_only,0.6338642741670764,0.9754601031829384,0.06424863636493683,0.1667864418856127,0.055456340312957764,1.0613750200718641
14,0.5,full,0.6119324209603171,0.8779135680340407,0.12121083773672581,0.1637051913371647,0.05641547963023186,8.297250140458345
14,0.5,full_no_background,0.5858727242172204,0.872838458299838,0.12592385709285736,0.18823665913316662,0.05641547963023186,6.13370887003839
14,0.5,full_no_illumination,0.6635402974764023,0.9770891121388344,0.05737899988889694,0.1434106141308163,0.055456340312957764,2.9016248881816864
14,0.5,full_no_registration,0.5063603845225175,0.7307926296557227,0.16624672710895538,0.1880058679342133,1.2087279558181763,7.07962503656745
15,0.5,raw,0.5120680027081843,0.8070983617314316,0.13027109019458294,0.19039128790154086,1.1451120376586914,0.06108405068516731
15,0.5,background_only,0.521479013496938,0.8081466869801095,0.13047100603580475,0.17671720246698994,1.1451120376586914,1.962166978046298
15,0.5,illumination_only,0.4876099686994991,0.7789167673734932,0.14551354479044676,0.1993305249033922,1.1451120376586914,5.586290964856744
15,0.5,registration_only,0.6190229649558652,0.9752835354139284,0.058391133323311806,0.16773784534180317,0.02783522941172123,1.0924588423222303
15,0.5,full,0.6134392357419424,0.9528395961678757,0.0811245171353221,0.15689265124906573,0.02783522941172123,8.510750019922853
15,0.5,full_no_background,0.5915135292774987,0.9529935059351142,0.08357173856347799,0.17898188331261927,0.02783522941172123,6.22537499293685
15,0.5,full_no_illumination,0.6436516485591477,0.9765225300519954,0.054789429530501366,0.1459583793373942,0.02783522941172123,2.997000003233552
15,0.5,full_no_registration,0.4963542167636793,0.7793030344861036,0.14573581237345934,0.18705378586717597,1.1451120376586914,7.202582899481058
16,0.5,raw,0.6254633138241552,0.940800273876425,0.07237883470952511,0.14897961453966976,0.37509000301361084,0.060999998822808266
16,0.5,background_only,0.6357011343291271,0.9428189744019679,0.07055908162146807,0.13927075775970418,0.37509000301361084,1.844207989051938
16,0.5,illumination_only,0.604236498422846,0.9100824171931774,0.09204367827624083,0.15980944109256204,0.37509000301361084,5.696666892617941
16,0.5,registration_only,0.6311756200578501,0.9718970740802365,0.05905309226363897,0.15899600149619533,0.05443801358342171,1.0883749928325415
16,0.5,full,0.6298196228228244,0.9416960691375549,0.08000320848077536,0.15099231377887626,0.05443801358342171,8.394875098019838
16,0.5,full_no_background,0.6102240580199344,0.941115827563177,0.08216382469981909,0.17172315408738342,0.05443801358342171,6.719541037455201
16,0.5,full_no_illumination,0.6544769569158118,0.9740728127856016,0.05434115044772625,0.1391851376319015,0.05443801358342171,2.766125136986375
16,0.5,full_no_registration,0.6115677750127729,0.9106535385921491,0.09197259601205587,0.15129327664914974,0.37509000301361084,7.304333848878741
17,0.5,raw,0.5175207357380354,0.792712793392981,0.12170461472123861,0.19735226867910832,1.1982275247573853,0.061583006754517555
17,0.5,background_only,0.5231996163719961,0.7926054840921384,0.12287028413265944,0.18844290624289445,1.1982275247573853,1.812125090509653
17,0.5,illumination_only,0.4940971784683085,0.7450348380147368,0.1446063406765461,0.2056605654272171,1.1982275247573853,6.609166972339153
17,0.5,registration_only,0.6273819283867128,0.9754357340097844,0.05950763449072838,0.17530756152593927,0.02816101908683777,1.9113339949399233
17,0.5,full,0.6223049025928148,0.9188963314697477,0.09583953022956848,0.17039822961907508,0.02816101908683777,8.462874917313457
17,0.5,full_no_background,0.5999942676370883,0.9222779951677915,0.0981263518333435,0.18885012564974898,0.02816101908683777,6.811958039179444
17,0.5,full_no_illumination,0.6517015300839449,0.974566785994297,0.056539950892329216,0.1565629062716455,0.02816101908683777,3.01004177890718
17,0.5,full_no_registration,0.5003817716114192,0.7436956587378932,0.14553118497133255,0.2003514700106105,1.1982275247573853,8.24337499216199
18,0.5,raw,0.5554304012228206,0.8722401375872054,0.11081015784293413,0.17076060559913456,0.9826729893684387,0.06033293902873993
18,0.5,background_only,0.565184122522672,0.8733533796466818,0.109875806607306,0.15917097092205537,0.9826729893684387,1.9408341031521559
18,0.5,illumination_only,0.5351880154078524,0.8198320797054792,0.12981907278299332,0.18526008307332692,0.9826729893684387,6.163541926071048
18,0.5,registration_only,0.6117139409151486,0.9708049154331178,0.06817589234560728,0.17019189644134533,0.04170636460185051,1.3301249127835035
18,0.5,full,0.6123915719417108,0.9227453426942014,0.09869043342769146,0.15999066969690734,0.04170636460185051,8.775458903983235
18,0.5,full_no_background,0.5891957358546616,0.9191002492810962,0.10310756415128708,0.18384424958307702,0.04170636460185051,6.4949169754981995
18,0.5,full_no_illumination,0.6370341806303433,0.971730849657525,0.06483001075685024,0.14759057845955328,0.04170636460185051,3.207084024325013
18,0.5,full_no_registration,0.5444176600285501,0.8228366045514672,0.12886248342692852,0.17342390801779659,0.9826729893684387,8.506749989464879
19,0.5,raw,0.5240938453307307,0.7897275057463324,0.1360167870298028,0.17531312749474331,1.1877000331878662,0.07437518797814846
19,0.5,background_only,0.5337793189495583,0.7910908230500747,0.13594910223037004,0.1641004123142203,1.1877000331878662,1.991582801565528
19,0.5,illumination_only,0.5018080466484247,0.754042487684451,0.15127267874777317,0.18603698754177878,1.1877000331878662,5.9180420357733965
19,0.5,registration_only,0.6297280964266112,0.9648431623338029,0.07481855619698763,0.15476409245332506,0.03516224026679993,1.1510001495480537
19,0.5,full,0.6226682557146508,0.9295826468686562,0.09834082424640656,0.1485445683212424,0.05135173723101616,10.012958897277713
19,0.5,full_no_background,0.6031997354210636,0.9297925992232264,0.10189308226108551,0.16558689502764837,0.05135173723101616,6.776832975447178
19,0.5,full_no_illumination,0.6513830251654575,0.9678152170023288,0.07106770109385252,0.1383040069031997,0.03516224026679993,3.013832960277796
19,0.5,full_no_registration,0.5100296461186048,0.7540357101509679,0.15105601958930492,0.17573441897518458,1.1877000331878662,7.745875045657158
20,0.5,raw,0.5222291565522909,0.7886383768924612,0.13756702654063702,0.18383058538148794,1.2821112871170044,0.07062498480081558
20,0.5,background_only,0.5274015712043569,0.7875980616462055,0.1376160141080618,0.17607228891269194,1.2821112871170044,1.8562080804258585
20,0.5,illumination_only,0.50490181876566,0.7442747165258394,0.15483750589191914,0.19551488262881836,1.2821112871170044,5.730499979108572
20,0.5,registration_only,0.6208534591959611,0.9689744570792571,0.07001089677214622,0.17315806553368296,0.023251600563526154,1.838458003476262
20,0.5,full,0.6210292458544733,0.9110017361466957,0.10105215199291706,0.16784189807477007,0.023251600563526154,9.418166941031814
20,0.5,full_no_background,0.601923274736633,0.9086316129321719,0.10441306047141552,0.18654313285451776,0.023251600563526154,7.381417090073228
20,0.5,full_no_illumination,0.6417697906200084,0.9680645513293823,0.06796500273048878,0.1555812431527883,0.023251600563526154,3.0387919396162033
20,0.5,full_no_registration,0.5098765480054188,0.7449469550465613,0.15397831983864307,0.18833742502214468,1.2821112871170044,7.830457994714379
21,0.5,raw,0.5170795578896757,0.7960969916520093,0.13156607281416655,0.18091563475912975,1.179445743560791,0.06700004450976849
21,0.5,background_only,0.5268500073156593,0.797187931489325,0.13122002966701984,0.1672615348717099,1.179445743560791,1.8925420008599758
21,0.5,illumination_only,0.49939766455033185,0.758438840427403,0.14497693348675966,0.19007564404612598,1.179445743560791,5.976458778604865
21,0.5,registration_only,0.6166921573346279,0.9661687768530547,0.06877693347632885,0.1622357878124993,0.033103834837675095,1.445000059902668
21,0.5,full,0.6142312513109307,0.9340854934781909,0.09047482535243034,0.1534053983040756,0.033103834837675095,8.768332889303565
21,0.5,full_no_background,0.5956522589265929,0.932834588066624,0.09249064046889544,0.17232814948340464,0.033103834837675095,6.65929215028882
21,0.5,full_no_illumination,0.6384556814851124,0.969114417334876,0.0643567806109786,0.1440826171147064,0.033103834837675095,3.123292000964284
21,0.5,full_no_registration,0.508046257871307,0.7584755802605482,0.14507601596415043,0.17646373781053004,1.179445743560791,7.91950011625886
22,0.5,raw,0.5218909095455375,0.8149427060339736,0.12472711782902479,0.17968706301728227,1.1023211479187012,0.055957818403840065
22,0.5,background_only,0.5308529282948735,0.8150384532701025,0.1250517526641488,0.16969387358970636,1.1023211479187012,2.0462500397115946
22,0.5,illumination_only,0.49688774818850234,0.7444756855391268,0.150294684804976,0.19723258441255065,1.1023211479187012,5.717292195186019
22,0.5,registration_only,0.6219568120677277,0.9730026737653755,0.062272644601762295,0.16584817548612052,0.030846627429127693,1.3127909041941166
22,0.5,full,0.6104869348990276,0.9117300727132083,0.10302901826798916,0.16260360627127787,0.030846627429127693,9.227541973814368
22,0.5,full_no_background,0.5910831979400174,0.9089825638311532,0.10591435711830854,0.1836610360774303,0.030846627429127693,6.875958992168307
22,0.5,full_no_illumination,0.6457842882477425,0.9736779621301421,0.06092492584139109,0.1465304862833129,0.030846627429127693,4.707041895017028
22,0.5,full_no_registration,0.504469396659794,0.7458572205132551,0.1497000902891159,0.1871248037283645,1.1023211479187012,8.614917052909732
23,0.5,raw,0.5293433378905787,0.8285908495212511,0.12651851028203964,0.17515136447738966,1.2243419885635376,0.04874984733760357
23,0.5,background_only,0.5388959254960409,0.8287850828916602,0.12647843081504107,0.16571258335148614,1.2243419885635376,1.8195409793406725
23,0.5,illumination_only,0.502271832025482,0.7753064183350422,0.14425329491496086,0.19156736436187216,1.2243419885635376,5.557999946177006
23,0.5,registration_only,0.6305179893424344,0.9774740570072996,0.062239096499979496,0.1578851719570991,0.05215441808104515,1.1145418975502253
23,0.5,full,0.6200953347749008,0.9260906733081616,0.09477665647864342,0.1554893407756504,0.05525720492005348,8.931207936257124
23,0.5,full_no_background,0.5983722289573017,0.9246482952739987,0.0984719730913639,0.17521135315182648,0.05525720492005348,8.00258293747902
23,0.5,full_no_illumination,0.6561033850293146,0.9771959353463513,0.05846966430544853,0.1392925612647661,0.05525720492005348,3.0922498553991318
23,0.5,full_no_registration,0.5108675349009116,0.776830511647947,0.14398130029439926,0.18258318678704227,1.2243419885635376,8.330834098160267
0,1.0,raw,0.36173275089176943,0.686199390954784,0.16395645029842854,0.30304186749770884,1.7520289421081543,0.08124997839331627
0,1.0,background_only,0.3728405657741426,0.693667297689194,0.1607592236250639,0.2855887890532094,1.7520289421081543,2.1402910351753235
0,1.0,illumination_only,0.362427114408833,0.6818772957632335,0.16409653797745705,0.3215340531404299,1.7520289421081543,8.114665979519486
0,1.0,registration_only,0.5174577158582894,0.9103974014245779,0.10499639995396137,0.2591617816249374,0.06443547457456589,4.084040876477957
0,1.0,full,0.5390464438254519,0.903173518834247,0.10507125593721867,0.2545071712024703,0.0645633116364479,32.015749951824546
0,1.0,full_no_background,0.5130988291414749,0.9113998693827975,0.10672797448933125,0.28233630501547774,0.0645633116364479,8.001041831448674
0,1.0,full_no_illumination,0.546644076543715,0.9240869951369859,0.09259965270757675,0.2285192380693416,0.06443547457456589,3.052790882065892
0,1.0,full_no_registration,0.36994367654856586,0.6772409464693796,0.16726277954876423,0.3109935534838971,1.7520289421081543,10.145082836970687
1,1.0,raw,0.26813487164016986,0.5560742002228556,0.20665179193019867,0.3653429576227094,2.5496530532836914,0.09229080751538277
1,1.0,background_only,0.2732154923700877,0.5564731132080332,0.20534325018525124,0.3372421302740735,2.5496530532836914,2.6857079938054085
1,1.0,illumination_only,0.25592516374216295,0.49156673733925316,0.21541889756917953,0.3903685240361453,2.5496530532836914,8.12004180625081
1,1.0,registration_only,0.5235277939694465,0.9046368791737803,0.10907120257616043,0.27978003597797,0.06142321601510048,1.1876251082867384
1,1.0,full,0.5174062746978355,0.871517384790603,0.12855595536530018,0.26226389057124166,0.06142321601510048,15.072167152538896
1,1.0,full_no_background,0.4984862479902249,0.8689611106388765,0.13372585736215115,0.30457299759377887,0.06142321601510048,7.001667050644755
1,1.0,full_no_illumination,0.5469198095183665,0.9181435930209033,0.09907945245504379,0.23794871873996865,0.06142321601510048,3.232415998354554
1,1.0,full_no_registration,0.25933559836820397,0.48789547529575505,0.21663262136280537,0.3638792512459838,2.5496530532836914,12.477457989007235
2,1.0,raw,0.32909530881768095,0.6057828568809948,0.1952594853937626,0.33166072499532123,2.0205516815185547,0.143042067065835
2,1.0,background_only,0.33857948369744606,0.6100591882572126,0.19539966247975826,0.309012531798064,2.0205516815185547,2.235124818980694
2,1.0,illumination_only,0.3247557469680919,0.5924272534052276,0.20008933171629906,0.35028130653085754,2.0205516815185547,6.53729191981256
2,1.0,registration_only,0.510053830247805,0.9081589164371994,0.1077156625688076,0.27774534263644,0.04924726486206055,1.1815410107374191
2,1.0,full,0.5259627907885351,0.9073685309274567,0.11069296300411224,0.25530056389581024,0.04283851385116577,9.558709105476737
2,1.0,full_no_background,0.49746561362714503,0.9048482505007758,0.1196733545511961,0.2984160364838556,0.04283851385116577,7.006500149145722
2,1.0,full_no_illumination,0.5414721154541827,0.9186895199061815,0.09704484045505524,0.23445776954720965,0.04924726486206055,5.030709085986018
2,1.0,full_no_registration,0.33256018041023144,0.5937533984793104,0.20090873911976814,0.33191425855377776,2.0205516815185547,7.433457998558879
3,1.0,raw,0.3133506123066508,0.5812926475107928,0.19777082279324532,0.304531787330925,2.1489546298980713,0.10562501847743988
3,1.0,background_only,0.3198727978471739,0.5850651774740562,0.19837139919400215,0.28587186618411775,2.1489546298980713,1.8693329766392708
3,1.0,illumination_only,0.3107533971501282,0.579554564212695,0.1998310275375843,0.32108165651115006,2.1489546298980713,5.626540863886476
3,1.0,registration_only,0.5163695717360473,0.9274661010521601,0.09439975023269653,0.2485510280637821,0.04311719909310341,1.1714159045368433
3,1.0,full,0.5366560464825756,0.9274223131844491,0.09451122768223286,0.2324462575440635,0.04311719909310341,8.74633388593793
3,1.0,full_no_background,0.5107574769663735,0.929383884786811,0.0988394021987915,0.26332334769472915,0.04311719909310341,6.797125097364187
3,1.0,full_no_illumination,0.5425231375433232,0.9340026866376643,0.0875473003834486,0.21638968933900168,0.04311719909310341,2.7889579068869352
3,1.0,full_no_registration,0.31618461943018783,0.5810004455000902,0.2016307059675455,0.3054063317948812,2.1489546298980713,7.094125030562282
4,1.0,raw,0.2454788583539994,0.5261821489245306,0.20743270963430405,0.3525810712572558,2.6112067699432373,0.1324170734733343
4,1.0,background_only,0.25091504429278716,0.5282503976532138,0.2085776962339878,0.3288704624629633,2.6112067699432373,1.8237910699099302
4,1.0,illumination_only,0.23550332238080135,0.5024103115056456,0.21295294351875782,0.3715332561669088,2.6112067699432373,5.298125091940165
4,1.0,registration_only,0.505637823595794,0.9279696668305923,0.10026861913502216,0.2623214569491037,0.05092489719390869,1.1262500192970037
4,1.0,full,0.5108632902980259,0.9049710855096136,0.11227035336196423,0.24333445988754923,0.06153937056660652,8.119083009660244
4,1.0,full_no_background,0.48282693488602413,0.9121802255497434,0.12188067100942135,0.2799579945640204,0.05092489719390869,6.52212486602366
4,1.0,full_no_illumination,0.5322084428517926,0.9379440348881948,0.0906342901289463,0.2239870927054093,0.06153937056660652,2.741709118708968
4,1.0,full_no_registration,0.24074420814369799,0.5035006248061462,0.21423412300646305,0.3516852019194695,2.6112067699432373,7.058082846924663
5,1.0,raw,0.36738585620936104,0.6784886475128187,0.179744316264987,0.2936488623161254,2.022477149963379,0.1087910495698452
5,1.0,background_only,0.3720418166960025,0.678225236134605,0.18016119301319122,0.27818609726941573,2.022477149963379,1.847167033702135
5,1.0,illumination_only,0.3638519683378523,0.6578610536745476,0.18235996179282665,0.3179882500472192,2.022477149963379,5.3417079616338015
5,1.0,registration_only,0.5463569292417199,0.9385259225575625,0.08972892723977566,0.24445841927189546,0.03954434022307396,1.0735420510172844
5,1.0,full,0.5610363450766714,0.9297906134893698,0.09140592440962791,0.23126702233322213,0.03954434022307396,8.155458839610219
5,1.0,full_no_background,0.5397892116096656,0.9300127879224256,0.09691890142858028,0.26510608497469046,0.03954434022307396,6.489333929494023
5,1.0,full_no_illumination,0.5696208724907577,0.9375155094240339,0.08404791168868542,0.21342262809055323,0.03954434022307396,2.8164589311927557
5,1.0,full_no_registration,0.36782358148709104,0.6575088798703785,0.18292021937668324,0.2991435993748771,2.022477149963379,7.133417064324021
6,1.0,raw,0.29515420039182705,0.5696502440273364,0.20639703795313835,0.33692602455878023,2.3451147079467773,0.11487514711916447
6,1.0,background_only,0.301399320733494,0.5723039615071337,0.20527551881968975,0.317814445236313,2.3451147079467773,1.936041982844472
6,1.0,illumination_only,0.28496260322186473,0.5595688869710786,0.21127567067742348,0.3525725941988961,2.3451147079467773,5.349375074729323
6,1.0,registration_only,0.5327049420743064,0.9155308245638415,0.10827050171792507,0.2669407952282258,0.0828276053071022,1.0775409173220396
6,1.0,full,0.5468886982849752,0.9356688353539311,0.10173972509801388,0.24640549867503336,0.08773639053106308,8.219834184274077
6,1.0,full_no_background,0.5202275376410344,0.9349589889713201,0.11172380857169628,0.2824350717395476,0.08773639053106308,6.871499819681048
6,1.0,full_no_illumination,0.5595056202322931,0.9295367219956647,0.09592216275632381,0.22947977546080234,0.08655337244272232,2.9151667840778828
6,1.0,full_no_registration,0.2907874233615695,0.5583229287843672,0.21184448711574078,0.337934107055482,2.3451147079467773,7.160541135817766
7,1.0,raw,0.31743132194123996,0.5625660049690848,0.20252088643610477,0.3295357577114286,2.1600735187530518,0.10604085400700569
7,1.0,background_only,0.3247192288933386,0.56504539511547,0.20106569305062294,0.30818017976732504,2.1600735187530518,1.9140830263495445
7,1.0,illumination_only,0.3132703780802851,0.54936192144465,0.20344664715230465,0.34642560790100485,2.1600735187530518,5.306166131049395
7,1.0,registration_only,0.5392328027138281,0.8920466114302752,0.10466771200299263,0.26942421527012367,0.04706980660557747,1.0865828953683376
7,1.0,full,0.5531606139729653,0.9109000769763357,0.09989382140338421,0.2467087794151585,0.07957127690315247,8.223999990150332
7,1.0,full_no_background,0.5294636819240214,0.909520599544011,0.10620242916047573,0.28735075260897297,0.06858765333890915,6.680583115667105
7,1.0,full_no_illumination,0.5640761849739702,0.907183507636397,0.09562191367149353,0.2282548346494553,0.058053430169820786,2.9060409869998693
7,1.0,full_no_registration,0.3188152152383339,0.5466833416679195,0.20468224212527275,0.3286506782189942,2.1600735187530518,7.063542027026415
8,1.0,raw,0.35578358239553326,0.6377518416473414,0.17914872989058495,0.3030156166119927,1.8488661050796509,0.12083398178219795
8,1.0,background_only,0.3627379999752973,0.6452300134296337,0.17803248576819897,0.28273611830609147,1.8488661050796509,1.857041148468852
8,1.0,illumination_only,0.3546732933121493,0.6529210541132755,0.1737714819610119,0.315557732975849,1.8488661050796509,5.5140419863164425
8,1.0,registration_only,0.5249691693039602,0.9258248937498093,0.10725285112857819,0.2605651590065449,0.04267587140202522,1.117875101044774
8,1.0,full,0.5482903335255248,0.9551291421267046,0.08757622167468071,0.2356462372949443,0.04267587140202522,8.245459059253335
8,1.0,full_no_background,0.5235301455117048,0.9524920298746664,0.09619727358222008,0.27282467697232976,0.04267587140202522,6.673207972198725
8,1.0,full_no_illumination,0.5488064430635293,0.9372064483299004,0.09702630341053009,0.22308762420039707,0.04267587140202522,2.804541029036045
8,1.0,full_no_registration,0.36139583506302086,0.6575642134531865,0.17399119772017002,0.2971955238823642,1.8488661050796509,7.18304212205112
9,1.0,raw,0.3146489494133844,0.6021722379353236,0.1976115182042122,0.30917402400603494,2.172328233718872,0.06841705180704594
9,1.0,background_only,0.3204331289056609,0.6021083723208743,0.198507996276021,0.2909637063857134,2.172328233718872,1.8335001077502966
9,1.0,illumination_only,0.30958720009380003,0.5641122820229336,0.20469646342098713,0.33232183127757065,2.172328233718872,5.330250132828951
9,1.0,registration_only,0.5394090093088115,0.931232289776345,0.0930181983858347,0.2500894738144609,0.045608293265104294,1.500291982665658
9,1.0,full,0.5524642673711545,0.9089326058629741,0.10228170454502106,0.23595563428632105,0.045608293265104294,8.184915874153376
9,1.0,full_no_background,0.5267424295048742,0.9075748959380601,0.10894461162388325,0.2736365476793564,0.045608293265104294,6.791209103539586
9,1.0,full_no_illumination,0.5652737824928036,0.9362003623639461,0.08844426646828651,0.21356529849882652,0.045608293265104294,2.8481660410761833
9,1.0,full_no_registration,0.31444072206629425,0.5623894060787532,0.2058208379894495,0.3165144381185174,2.172328233718872,7.734416984021664
10,1.0,raw,0.3771021372751849,0.6595226506368322,0.18236830458045006,0.29011987675595163,1.7243343591690063,0.0968750100582838
10,1.0,background_only,0.38505748863271744,0.6619388781776254,0.18290463276207447,0.27007053929436997,1.7243343591690063,1.8022081349045038
10,1.0,illumination_only,0.37069560562633164,0.63036936819175,0.1874282117933035,0.31163782842807736,1.7243343591690063,5.5513340048491955
10,1.0,registration_only,0.5377024513087056,0.9331523612176426,0.08772054687142372,0.24676662412107522,0.044937971979379654,1.1492499615997076
10,1.0,full,0.5524841937511249,0.9068940424123115,0.09752153418958187,0.23058632290483763,0.09574723243713379,8.523917058482766
10,1.0,full_no_background,0.5273194907026285,0.9068632330911752,0.10151035152375698,0.2676632952450777,0.09574723243713379,6.589292082935572
10,1.0,full_no_illumination,0.5644388026592967,0.9323212771547568,0.08438115194439888,0.2106730226871535,0.044937971979379654,2.7985000051558018
10,1.0,full_no_registration,0.3785821967308382,0.633347563931659,0.18871031142771244,0.29160466346833214,1.7243343591690063,7.614916888996959
11,1.0,raw,0.2798425559526093,0.5324292150200771,0.2138140369206667,0.3170823128792437,2.430176019668579,0.23420900106430054
11,1.0,background_only,0.2841273367670301,0.5300861986812822,0.21553177572786808,0.3037078122771975,2.430176019668579,2.08295788615942
11,1.0,illumination_only,0.2785408975886744,0.5186990228927102,0.21340727247297764,0.3347357554740974,2.430176019668579,5.614291876554489
11,1.0,registration_only,0.5431500120757146,0.9359721927442836,0.08726181648671627,0.23766487166264502,0.04344811663031578,1.169875031337142
11,1.0,full,0.5587629997179437,0.9390567285315767,0.08699994161725044,0.22267871381285337,0.04344811663031578,8.862958056852221
11,1.0,full_no_background,0.5352839909645173,0.9398416300027632,0.09421409480273724,0.2537392654562334,0.04344811663031578,7.174625061452389
11,1.0,full_no_illumination,0.5666078826317521,0.9363026465372304,0.0831687655299902,0.2066612170104838,0.05749325081706047,3.1865830533206463
11,1.0,full_no_registration,0.2823902437720976,0.5165645095252557,0.2149346861988306,0.32262021139124125,2.430176019668579,7.856542011722922
12,1.0,raw,0.32211957814424746,0.6589442273206516,0.1764527689665556,0.33694141879495,2.082597017288208,0.17429189756512642
12,1.0,background_only,0.3283978552345526,0.6566613703541084,0.17773928120732307,0.314298870408541,2.082597017288208,2.0289160311222076
12,1.0,illumination_only,0.3128850575549921,0.6218719610019765,0.18294792622327805,0.35000175137113254,2.082597017288208,5.932624917477369
12,1.0,registration_only,0.5121233043271131,0.9303857351552421,0.09463617391884327,0.2861646721127566,0.026518406346440315,1.8382919952273369
12,1.0,full,0.5249492749899057,0.917004087463897,0.0997606161981821,0.25989830454095786,0.026518406346440315,10.208165971562266
12,1.0,full_no_background,0.4980527560532191,0.9184217662118753,0.10574817284941673,0.29874117543754614,0.026518406346440315,7.268332876265049
12,1.0,full_no_illumination,0.5394706163676039,0.9373646936166098,0.08820616081357002,0.2452172650207743,0.026518406346440315,4.1124168783426285
12,1.0,full_no_registration,0.31797840259107785,0.6159181826066682,0.1848364658653736,0.33435680326394646,2.082597017288208,8.869332959875464
13,1.0,raw,0.25174236888426554,0.4297742461942811,0.2301707398146391,0.322711412832856,2.6594555377960205,0.19674981012940407
13,1.0,background_only,0.25518626883228135,0.43317165920812617,0.23211601562798023,0.311715551973702,2.6594555377960205,2.5201248936355114
13,1.0,illumination_only,0.24257599146208658,0.3953154547087436,0.23877043463289738,0.33814488442597757,2.6594555377960205,6.7980841267853975
13,1.0,registration_only,0.5211500665739632,0.9067309160992498,0.10325173661112785,0.2299276847610296,0.06562966853380203,3.052166197448969
13,1.0,full,0.5280512529344514,0.8775446473869327,0.11424868181347847,0.21916824414552338,0.06562966853380203,9.346334030851722
13,1.0,full_no_background,0.5078490337025914,0.8806204583802981,0.1175196822732687,0.24280502901052728,0.06562966853380203,7.7040421310812235
13,1.0,full_no_illumination,0.5420133749512133,0.913060622153488,0.09953026659786701,0.20475206665526838,0.06562966853380203,3.355666995048523
13,1.0,full_no_registration,0.2457646192188065,0.3975025171015074,0.24077010713517666,0.3307888170709034,2.6594555377960205,11.418540962040424
14,1.0,raw,0.31366441177818105,0.5594959949469206,0.19935880601406097,0.30890727635187154,2.196474075317383,0.20033284090459347
14,1.0,background_only,0.320449322740158,0.5676722059542415,0.19835726730525494,0.2950634771626375,2.196474075317383,1.9473328720778227
14,1.0,illumination_only,0.2983896143078204,0.5085906326003293,0.21322748251259327,0.3362394479605817,2.196474075317383,6.369000067934394
14,1.0,registration_only,0.5403851099814778,0.9232466219703189,0.10859078541398048,0.24788823568513574,0.06199699640274048,1.3954159803688526
14,1.0,full,0.5442950633769987,0.8875007302458275,0.1234825924038887,0.23536556380087953,0.05981292948126793,18.942832946777344
14,1.0,full_no_background,0.5177866852456933,0.8730133307580488,0.13724655285477638,0.27259029080985403,0.05981292948126793,32.474791863933206
14,1.0,full_no_illumination,0.5669498246057458,0.931109631833311,0.0983507540076971,0.2121949119496055,0.05981292948126793,15.691790962591767
14,1.0,full_no_registration,0.30581781672638086,0.5213755942319181,0.210519727319479,0.3218323627952497,2.196474075317383,8.57612513937056
15,1.0,raw,0.3919879824978805,0.7193055641250791,0.1691722795367241,0.28511561725447243,1.5833121538162231,0.10870792903006077
15,1.0,background_only,0.3977177666384011,0.722549442692243,0.167933763936162,0.27000843769613914,1.5833121538162231,2.047291025519371
15,1.0,illumination_only,0.38033797421887877,0.7058485349342792,0.173373369500041,0.30142733587483195,1.5833121538162231,6.205833051353693
15,1.0,registration_only,0.5215526586204952,0.9324212578640811,0.10785200633108616,0.2614429534356922,0.07551418989896774,1.164749963209033
15,1.0,full,0.5282116266820384,0.9313897221660935,0.10953980311751366,0.2439414379418914,0.04385899379849434,9.049166925251484
15,1.0,full_no_background,0.5030913221212271,0.9337490211898081,0.12070743180811405,0.27753489014204724,0.04385899379849434,6.72208284959197
15,1.0,full_no_illumination,0.5426054789078958,0.938515559089171,0.1012524664402008,0.227962692125861,0.063142791390419,2.9698750004172325
15,1.0,full_no_registration,0.3855695236474168,0.7046315603015911,0.17304330691695213,0.2884730958609007,1.5833121538162231,7.476750062778592
16,1.0,raw,0.2904715362265149,0.5116230129312944,0.2037739623337984,0.3232588929842103,2.3264293670654297,0.11166720651090145
16,1.0,background_only,0.29645272079095625,0.5132589493566455,0.20703842677176,0.31099308085056826,2.3264293670654297,1.9660410471260548
16,1.0,illumination_only,0.2827523294876842,0.4861010103106859,0.21117578074336052,0.34015914271445546,2.3264293670654297,5.675582913681865
16,1.0,registration_only,0.5166595783781613,0.9192443198904747,0.10631316155195236,0.25197332842421294,0.05146816372871399,1.1840828228741884
16,1.0,full,0.534082861489201,0.8994865859577321,0.11148101836442947,0.23579801541301168,0.052775006741285324,9.357083821669221
16,1.0,full_no_background,0.5069949465120382,0.9027709095947247,0.11712127178907394,0.2693352795491232,0.052775006741285324,6.547542056068778
16,1.0,full_no_illumination,0.5463642396566704,0.922123838440732,0.10050062090158463,0.21856855303745243,0.07409545034170151,3.3285419922322035
16,1.0,full_no_registration,0.2881896543810476,0.48626856092733955,0.21372567489743233,0.3311153036498714,2.3264293670654297,7.28949997574091
17,1.0,raw,0.23568661009129066,0.4747914636376336,0.20829927176237106,0.3632739475084845,2.9339911937713623,0.10975007899105549
17,1.0,background_only,0.23880027065200807,0.47694771842165085,0.2104711513966322,0.35230574646937923,2.9339911937713623,2.180041978135705
17,1.0,illumination_only,0.2321411096351581,0.45443760148588225,0.2116663996130228,0.3798899256013492,2.9339911937713623,5.337166134268045
17,1.0,registration_only,0.5367114329177536,0.9278103318050682,0.10025522671639919,0.2596572705822071,0.015410036779940128,1.1101251002401114
17,1.0,full,0.5529157829549765,0.8971597997355394,0.10843375325202942,0.2472441389250913,0.015410036779940128,8.760500000789762
17,1.0,full_no_background,0.5231531198545885,0.9029218107686302,0.1167756300419569,0.2786072422636689,0.015410036779940128,6.300915963947773
17,1.0,full_no_illumination,0.5675232574423843,0.9333482637447218,0.08956625312566757,0.22795383718424528,0.015410036779940128,3.3510830253362656
17,1.0,full_no_registration,0.2354519905126029,0.455684662669496,0.2140702772885561,0.3710277057088484,2.9339911937713623,7.170042023062706
18,1.0,raw,0.25753844220064565,0.5209826631238853,0.22293022833764553,0.3335367510099321,2.786789894104004,0.0980000477284193
18,1.0,background_only,0.2612126359002958,0.5190298638295423,0.22422083094716072,0.31831136976978147,2.786789894104004,2.2202921099960804
18,1.0,illumination_only,0.25246362675832884,0.47083704578823915,0.2283312138170004,0.3545044195589475,2.786789894104004,5.334249930456281
18,1.0,registration_only,0.5270377949654466,0.9396794116948212,0.09851030074059963,0.24673104499512824,0.07269295305013657,1.1240418534725904
18,1.0,full,0.5367963750329031,0.8863328862000004,0.11586625315248966,0.2353889954300891,0.046393949538469315,8.61462508328259
18,1.0,full_no_background,0.5115701708739824,0.8903705221585827,0.12194730713963509,0.2654362056582628,0.046393949538469315,6.778208073228598
18,1.0,full_no_illumination,0.5517130574030603,0.9392575046033462,0.09332119673490524,0.216119667228476,0.07269295305013657,2.896707970649004
18,1.0,full_no_registration,0.25637055342806275,0.4704294063822111,0.23010725155472755,0.34314019192091677,2.786789894104004,7.350082974880934
19,1.0,raw,0.31374517001844104,0.5945047462871335,0.2089864332228899,0.3000578911865864,2.335423469543457,0.10545901022851467
19,1.0,background_only,0.3177661317056825,0.5948131503117384,0.20898245088756084,0.28667865934476644,2.335423469543457,1.8551659304648638
19,1.0,illumination_only,0.3084417800469857,0.5752583842166934,0.2105132956057787,0.3188741875170654,2.335423469543457,5.614291178062558
19,1.0,registration_only,0.5453231290352522,0.9137258044260116,0.10143188945949078,0.23483043537846982,0.040988072752952576,1.1572500225156546
19,1.0,full,0.5532382092973573,0.9246099650886469,0.10416514985263348,0.22540087055012864,0.03688884899020195,9.94229200296104
19,1.0,full_no_background,0.5328245100261084,0.9240820172845581,0.11014140211045742,0.2516952576535375,0.03688884899020195,7.082999916747212
19,1.0,full_no_illumination,0.5654941894862165,0.9249200698226694,0.09343281388282776,0.20858648103744082,0.03688884899020195,3.0837501399219036
19,1.0,full_no_registration,0.3122050095920776,0.5730703732310689,0.21159500256180763,0.30705565264324586,2.335423469543457,8.143082959577441
20,1.0,raw,0.2908311134332263,0.48609426630936026,0.22469057887792587,0.3269783809474022,2.420961856842041,0.11324998922646046
20,1.0,background_only,0.2934652814939287,0.487397207097488,0.22634059190750122,0.32257498498685283,2.420961856842041,2.101792022585869
20,1.0,illumination_only,0.2858784211752535,0.45497088544538467,0.22834532894194126,0.341597850794383,2.420961856842041,5.462541943415999
20,1.0,registration_only,0.5449775152834079,0.8935107603286795,0.10692208632826805,0.24535673024474106,0.06019338592886925,1.1877079959958792
20,1.0,full,0.5525158967589582,0.874533785544388,0.11275928653776646,0.2407764763421412,0.07149406522512436,8.671875111758709
20,1.0,full_no_background,0.5338631669894263,0.8752530217074899,0.11341892182826996,0.2616941871365669,0.07149406522512436,6.758666830137372
20,1.0,full_no_illumination,0.5648752616430965,0.9022062284120482,0.10322732105851173,0.22281993730809627,0.06019338592886925,2.9815419111400843
20,1.0,full_no_registration,0.28825951608459244,0.455284276518956,0.23004405945539474,0.34202576904414705,2.420961856842041,7.209208095446229
21,1.0,raw,0.3243421063801666,0.6014654554002323,0.1967544313520193,0.3129503677200257,2.180799722671509,0.11420808732509613
21,1.0,background_only,0.33012770181049983,0.6014874841273513,0.1985190473496914,0.29360440920332515,2.180799722671509,1.9272500649094582
21,1.0,illumination_only,0.31944968735900303,0.5767267579327631,0.1974025685340166,0.3276507633430699,2.180799722671509,5.375499837100506
21,1.0,registration_only,0.5247638835444135,0.9314254828520921,0.09830912761390209,0.2519091585532935,0.06207535043358803,1.1080841068178415
21,1.0,full,0.5392985204835659,0.9108078799787704,0.10179592669010162,0.23316442926653574,0.06207535043358803,8.367625065147877
21,1.0,full_no_background,0.5163807496712082,0.9121094088407268,0.10573397390544415,0.265661221493546,0.06207535043358803,6.503875134512782
21,1.0,full_no_illumination,0.5480225562098484,0.9334830317263355,0.09365731477737427,0.21910089074365574,0.06207535043358803,2.9963748529553413
21,1.0,full_no_registration,0.32524313081985906,0.576683105117445,0.19935546070337296,0.30979884305999683,2.180799722671509,7.208500057458878
22,1.0,raw,0.36707960230699394,0.6294505514336135,0.18063270300626755,0.28768243001679733,1.6606026887893677,0.13258401304483414
22,1.0,background_only,0.3738077767735474,0.6315657308606012,0.18046126328408718,0.2769709388853872,1.6606026887893677,1.9050419796258211
22,1.0,illumination_only,0.36007996317392454,0.5961447422528471,0.1869830023497343,0.31053572206253316,1.6606026887893677,5.476332968100905
22,1.0,registration_only,0.5279480735201318,0.9196353768667846,0.10709678754210472,0.24613143086678146,0.050640325993299484,1.1916249059140682
22,1.0,full,0.5430624935959709,0.8918935216059554,0.11144976504147053,0.23702045638145536,0.050640325993299484,8.303416892886162
22,1.0,full_no_background,0.5193433487117664,0.8943433386188782,0.11654226668179035,0.26634254049530603,0.050640325993299484,6.916166981682181
22,1.0,full_no_illumination,0.5531310718600605,0.9245395468002217,0.09788417257368565,0.2162505482644585,0.050640325993299484,2.758749993517995
22,1.0,full_no_registration,0.36514868871075673,0.5950682440156347,0.18834277614951134,0.3034897670747122,1.6606026887893677,7.430125027894974
23,1.0,raw,0.24060923328031003,0.5018303232706242,0.22667049802839756,0.3415434031717296,2.9642202854156494,0.12174993753433228
23,1.0,background_only,0.24353090860659848,0.4979475650750256,0.22913954593241215,0.33005380904256654,2.9642202854156494,1.8574169371277094
23,1.0,illumination_only,0.23278550498848363,0.4406622143821216,0.2377971988171339,0.3654865528470433,2.9642202854156494,5.502500105649233
23,1.0,registration_only,0.5291303741212476,0.9440049652766493,0.098274702206254,0.23878259628035878,0.06181579455733299,1.1326251551508904
23,1.0,full,0.5309160483701092,0.8834634834410561,0.12158708274364471,0.23874975058558912,0.06181579455733299,8.816624991595745
23,1.0,full_no_background,0.505965864664243,0.8882314389751251,0.12826517410576344,0.26795690967216673,0.06181579455733299,6.9477499928325415
23,1.0,full_no_illumination,0.5551541101089017,0.9449801296185333,0.0909180250018835,0.20971716170787444,0.06181579455733299,2.945084124803543
23,1.0,full_no_registration,0.23611955721097472,0.4383512589909718,0.24005023948848248,0.3571033381178628,2.9642202854156494,8.099624887108803
0,1.5,raw,0.14915845537124423,0.40682781236069465,0.23588480614125729,0.4872405459168699,3.769341230392456,0.0757498200982809
0,1.5,background_only,0.15183776022414486,0.40955013517664424,0.23914306052029133,0.4784424580661062,3.769341230392456,1.960792113095522
0,1.5,illumination_only,0.14902613403860857,0.4150444925060479,0.23553590290248394,0.5182505754663828,3.769341230392456,6.019208813086152
0,1.5,registration_only,0.4615184560089166,0.8657046156133077,0.1317232958972454,0.3260942348528448,0.049144815653562546,1.121792010962963
0,1.5,full,0.4845459533851205,0.8806880032649653,0.12179987505078316,0.3251397525428882,0.049144815653562546,8.52104090154171
0,1.5,full_no_background,0.45708406202769747,0.8899589492405078,0.12652415968477726,0.3557361087016944,0.049144815653562546,6.181374890729785
0,1.5,full_no_illumination,0.4923019122796325,0.881010683148409,0.11439667083323002,0.29240966255917195,0.049144815653562546,2.914249897003174
0,1.5,full_no_registration,0.15120334457977302,0.41320685659231254,0.24105791375041008,0.5152075194945681,3.769341230392456,7.373875007033348
1,1.5,raw,0.2650252535546498,0.5366077195805753,0.20390024036169052,0.4268208519174244,2.3006656169891357,0.07262500002980232
1,1.5,background_only,0.2726017324074791,0.5480266988959623,0.19938555732369423,0.4079160902125917,2.3006656169891357,1.930665923282504
1,1.5,illumination_only,0.2562538433487756,0.5052812885141705,0.20870759896934032,0.45812601161437994,2.3006656169891357,5.570124834775925
1,1.5,registration_only,0.4462708624755868,0.8479554654417732,0.13643925078213215,0.3661914642676092,0.04063935577869415,1.0611668694764376
1,1.5,full,0.4570748809913714,0.8701953607828099,0.138502424582839,0.3471797400746347,0.04063935577869415,8.64241598173976
1,1.5,full_no_background,0.4330569700818326,0.8570872227125098,0.15263277478516102,0.3938177677820502,0.04063935577869415,6.542874965816736
1,1.5,full_no_illumination,0.4734818009334736,0.8711382336058684,0.12186979874968529,0.31861549259683214,0.04063935577869415,3.003832884132862
1,1.5,full_no_registration,0.2607393666895277,0.5117293553062965,0.20645340718328953,0.4434484186388329,2.3006656169891357,7.650292012840509
2,1.5,raw,0.1238356513491134,0.33943513695203215,0.2678774930536747,0.5080297303276962,4.07693338394165,0.04724995233118534
2,1.5,background_only,0.12540533944843468,0.3497624714492966,0.2713857628405094,0.488620923810075,4.07693338394165,1.867332961410284
2,1.5,illumination_only,0.12152914305455143,0.3426852594568618,0.26760527677834034,0.5301830966714005,4.07693338394165,5.637083202600479
2,1.5,registration_only,0.452462318753494,0.8429050595415847,0.13911362551152706,0.33924076816696125,0.07519078999757767,1.1194997932761908
2,1.5,full,0.47810306468667096,0.8907712874223852,0.1207296010106802,0.3147482093977434,0.08801259845495224,8.73195892199874
2,1.5,full_no_background,0.44789472750344744,0.8840654260350082,0.1345475297421217,0.3603318452510658,0.08801259845495224,6.313750054687262
2,1.5,full_no_illumination,0.48233267683268133,0.8715533744413134,0.12212527170777321,0.2920898071056697,0.07519078999757767,2.8674169443547726
2,1.5,full_no_registration,0.12333759669749106,0.3495281440169886,0.27189643308520317,0.5152092647730938,4.07693338394165,7.287916028872132
3,1.5,raw,0.1823542485436892,0.41370835193726135,0.25141480565071106,0.43680387007316734,3.2172353267669678,0.05391589365899563
3,1.5,background_only,0.1862576045886758,0.4276124646994637,0.2521052937954664,0.41533606412487656,3.2172353267669678,1.8997089937329292
3,1.5,illumination_only,0.18382694771243682,0.43826827246792105,0.24600883200764656,0.45667340922764144,3.2172353267669678,5.836165975779295
3,1.5,registration_only,0.4505432860874009,0.8206087895702358,0.1382952630519867,0.31355692979876376,0.06580859422683716,1.1265829671174288
3,1.5,full,0.4790496576778134,0.8819214571004459,0.11835029162466526,0.30032296868723996,0.07663053274154663,8.476166985929012
3,1.5,full_no_background,0.45094654653513444,0.8758517987153772,0.12572167068719864,0.3343415261356538,0.06647609919309616,6.333458004519343
3,1.5,full_no_illumination,0.4784479958047001,0.8559397801453272,0.12257799319922924,0.27595506692453015,0.06580859422683716,2.806625096127391
3,1.5,full_no_registration,0.18713458666330246,0.4468615387536224,0.24935087375342846,0.4414742461550751,3.2172353267669678,7.349582854658365
4,1.5,raw,0.2100014777509116,0.5360937413311214,0.21650206670165062,0.460786931447143,2.9951484203338623,0.062000006437301636
4,1.5,background_only,0.2184688135947812,0.5325510988071623,0.21457235515117645,0.43152161382372045,2.9951484203338623,1.8479169812053442
4,1.5,illumination_only,0.20957358163140777,0.522908248760101,0.21509298123419285,0.4795544236898488,2.9951484203338623,5.497667007148266
4,1.5,registration_only,0.42700938256469395,0.8989945067069389,0.145628085359931,0.3569174036312883,0.053090546280145645,1.0954579338431358
4,1.5,full,0.4509468844431202,0.8607847431553362,0.1335692722350359,0.3210564417444941,0.04785419628024101,8.350583026185632
4,1.5,full_no_background,0.42411104127274835,0.8824266911008638,0.142259294167161,0.37138329319852903,0.04785419628024101,6.349290953949094
4,1.5,full_no_illumination,0.4527582830929734,0.8887595762974744,0.1289532296359539,0.3067184339719944,0.04785419628024101,3.2017501071095467
4,1.5,full_no_registration,0.2176705731475225,0.5132327399304529,0.2173375990241766,0.4501585377563785,2.9951484203338623,8.371042087674141
5,1.5,raw,0.21668562673981925,0.4392700609318119,0.2248498573899269,0.42629421449107463,2.903486490249634,0.06712507456541061
5,1.5,background_only,0.21997120998686737,0.4450397711968763,0.22757185250520706,0.40799139230086207,2.903486490249634,1.834833063185215
5,1.5,illumination_only,0.21596260022938357,0.42478565549829295,0.22391884215176105,0.45117796347751327,2.903486490249634,5.2944577764719725
5,1.5,registration_only,0.4824030651778728,0.8754261207668361,0.12083306349813938,0.31632446341750786,0.07302901148796082,1.153457909822464
5,1.5,full,0.5051337803882187,0.8761743552446534,0.11763139814138412,0.29830782827476665,0.07302901148796082,8.341332897543907
5,1.5,full_no_background,0.4801397110898297,0.8751551569006194,0.12142269499599934,0.33914168892559093,0.07302901148796082,6.3272500410676
5,1.5,full_no_illumination,0.5073897216690616,0.8803467332130182,0.11470002494752407,0.2775513287860524,0.07302901148796082,2.816000021994114
5,1.5,full_no_registration,0.21931625845093164,0.431018237063643,0.226941442117095,0.4327574363041775,2.903486490249634,7.063291966915131
6,1.5,raw,0.16989208754896717,0.4164354313517651,0.24672036617994308,0.463579730955795,3.3802623748779297,0.06045796908438206
6,1.5,background_only,0.17461071716250365,0.41455823283774557,0.2481493130326271,0.44348164610993257,3.3802623748779297,1.8456671386957169
6,1.5,illumination_only,0.1655820221317273,0.4133273004521044,0.24701568111777306,0.48577999527958193,3.3802623748779297,5.3758330177515745
6,1.5,registration_only,0.46154500120335235,0.8528320240952028,0.14595525711774826,0.34180637161998184,0.059467654675245285,1.0851668193936348
6,1.5,full,0.4841161571632202,0.8751489922232372,0.1325462218374014,0.31676250238123416,0.059467654675245285,8.477958850562572
6,1.5,full_no_background,0.4564328178875637,0.8811224171967567,0.14495258405804634,0.35860906290834704,0.059467654675245285,6.2487078830599785
6,1.5,full_no_illumination,0.48979063107121523,0.8611636855450033,0.13156671077013016,0.29661966489771086,0.059467654675245285,2.8484589420259
6,1.5,full_no_registration,0.17027679276786584,0.4063264891073761,0.24971582368016243,0.47094455064055796,3.3802623748779297,7.00704101473093
7,1.5,raw,0.1398336149743279,0.3330562555151223,0.25722502544522285,0.5063871480297164,4.173502445220947,0.05825003609061241
7,1.5,background_only,0.1422820901351246,0.33236294960572443,0.26092138700187206,0.4934118698317347,4.173502445220947,1.815208001062274
7,1.5,illumination_only,0.13793542270325804,0.3247397847391302,0.2589249424636364,0.5293904345629873,4.173502445220947,5.542916944250464
7,1.5,registration_only,0.46672994665372425,0.8545510770128929,0.13000081107020378,0.341445151989871,0.08280610293149948,1.1077080853283405
7,1.5,full,0.4949571476831104,0.8927006464068016,0.11349674873054028,0.315500670230459,0.08938328176736832,8.48479219712317
7,1.5,full_no_background,0.4622383971721573,0.8936375165571346,0.12666933797299862,0.3611228278583176,0.08938328176736832,6.1818750109523535
7,1.5,full_no_illumination,0.5005566889659271,0.8723302292108613,0.11555252224206924,0.2931260792150939,0.08280610293149948,2.8269581962376833
7,1.5,full_no_registration,0.13953399204666297,0.3219895347279425,0.26303666457533836,0.5239198883803345,4.173502445220947,7.257582852616906
8,1.5,raw,0.19603640456933563,0.45919888817936,0.23184770345687866,0.45299576573997186,3.189023971557617,0.05425000563263893
8,1.5,background_only,0.19978543033685897,0.46890654003210336,0.23292883671820164,0.4263907608981673,3.189023971557617,1.8903750460594893
8,1.5,illumination_only,0.19561988766574856,0.4819970404641899,0.22731603309512138,0.4606672369632362,3.189023971557617,5.693875020369887
8,1.5,registration_only,0.46506580916444995,0.8555593129720326,0.1386892907321453,0.33840186626951035,0.06996962428092957,1.126083079725504
8,1.5,full,0.4902748070254695,0.8910523305523235,0.12128446064889431,0.2993716299732109,0.04051005467772484,8.976999903097749
8,1.5,full_no_background,0.4630654042639323,0.8884655798731989,0.12993328273296356,0.34624095163899243,0.04051005467772484,6.325709167867899
8,1.5,full_no_illumination,0.491434404044633,0.8716544373598155,0.12797324545681477,0.2886103533270906,0.06359877437353134,2.7653330471366644
8,1.5,full_no_registration,0.1990863280116097,0.4864684610158472,0.22983050532639027,0.43852719976938925,3.189023971557617,7.1807499043643475
9,1.5,raw,0.27945193556975734,0.6301930354459669,0.20512988232076168,0.40822573824746716,2.4724628925323486,0.04974985495209694
9,1.5,background_only,0.2877126732420798,0.6239845335853035,0.206791577860713,0.3838294059177385,2.4724628925323486,1.866291044279933
9,1.5,illumination_only,0.27693078782995806,0.5937944422912087,0.2067493088543415,0.4302530925390355,2.4724628925323486,5.580709083005786
9,1.5,registration_only,0.46397557752908153,0.8786336151172749,0.13432506658136845,0.3363422978860473,0.07234106212854385,1.108416821807623
9,1.5,full,0.48407157562299863,0.8252140392345968,0.13587509654462337,0.3071881446355156,0.07234106212854385,8.371999952942133
9,1.5,full_no_background,0.4547498569490428,0.8453991521391397,0.14130809344351292,0.3540441674776578,0.07234106212854385,6.120417034253478
9,1.5,full_no_illumination,0.49344186543340596,0.8746150427810463,0.12672226503491402,0.2879428947632041,0.040208641439676285,2.9817079193890095
9,1.5,full_no_registration,0.28441108449449726,0.5839643469187195,0.21103765070438385,0.4089062089627422,2.4724628925323486,7.189458003267646
10,1.5,raw,0.12316115256656349,0.3218911496629505,0.2864232510328293,0.5091883217275466,4.355562210083008,0.052999937906861305
10,1.5,background_only,0.12511988774001287,0.3223532646350833,0.2890693638473749,0.4941852070294279,4.355562210083008,1.815540948882699
10,1.5,illumination_only,0.1196656769413579,0.2923359390962061,0.28803835436701775,0.5367050945406725,4.355562210083008,5.428875098004937
10,1.5,registration_only,0.4603201739327635,0.8565748980055259,0.13383648730814457,0.3205615957833104,0.047599583864212036,1.107583986595273
10,1.5,full,0.47828912654814,0.8521397870051923,0.13475296646356583,0.3029326587807362,0.04311256483197212,8.809375111013651
10,1.5,full_no_background,0.451432535746226,0.8569977215491782,0.14306016080081463,0.34484413603991443,0.04311256483197212,6.273999810218811
10,1.5,full_no_illumination,0.48527044377684414,0.8549269957830682,0.13105854578316212,0.2793228585394581,0.04311256483197212,2.8598748613148928
10,1.5,full_no_registration,0.12144063244820735,0.293059180054412,0.2902968507260084,0.5230645617270194,4.355562210083008,7.378416135907173
11,1.5,raw,0.15608230830257397,0.38815068832060273,0.2551158219575882,0.4707148472292413,3.6096372604370117,0.06187497638165951
11,1.5,background_only,0.15804213434177186,0.3841982433595692,0.25779115967452526,0.454010054208954,3.6096372604370117,1.8660419154912233
11,1.5,illumination_only,0.15633453304593312,0.3718161413874391,0.25192506052553654,0.48727592680292636,3.6096372604370117,5.511916009709239
11,1.5,registration_only,0.46789011440300526,0.8600953625402602,0.12428063526749611,0.3277880562142089,0.0820823684334755,1.1118340771645308
11,1.5,full,0.492815076077625,0.8947094586782245,0.11514323018491268,0.29928418547061714,0.10350476950407028,8.041708031669259
11,1.5,full_no_background,0.46459879984010594,0.8968696062783115,0.12513609789311886,0.3437511469172739,0.10350476950407028,6.2654579523950815
11,1.5,full_no_illumination,0.49657013395271665,0.8728638676487669,0.11748771741986275,0.2820578402843046,0.0820823684334755,2.788207959383726
11,1.5,full_no_registration,0.15814236514106678,0.3670973477111349,0.2544248178601265,0.47492845166321457,3.6096372604370117,7.284374907612801
12,1.5,raw,0.18894754274133158,0.46701608951890194,0.2189018726348877,0.4723177867266844,3.654857635498047,0.05954108200967312
12,1.5,background_only,0.1898305929076661,0.47007228036669313,0.22064297832548618,0.462432011548594,3.654857635498047,1.8068328499794006
12,1.5,illumination_only,0.18163785074140446,0.4394229942624197,0.22375367023050785,0.48992290639191816,3.654857635498047,5.525209009647369
12,1.5,registration_only,0.4377979255131302,0.8594664208507619,0.12894660606980324,0.3563493931563333,0.03968260437250137,1.0487500112503767
12,1.5,full,0.4532814793183305,0.8514691596416164,0.12721514515578747,0.32594897874955936,0.08200836181640625,8.181832963600755
12,1.5,full_no_background,0.4285003849456993,0.8545782848237677,0.135382529348135,0.36776481496969227,0.06988122314214706,6.389332935214043
12,1.5,full_no_illumination,0.4622202857354766,0.8686346064910478,0.11867138557136059,0.3124810834384587,0.06988122314214706,2.879332983866334
12,1.5,full_no_registration,0.18349791467165824,0.4398081304812612,0.22612303495407104,0.483802308439859,3.654857635498047,7.476083002984524
13,1.5,raw,0.1595851286425633,0.32376076109944213,0.2643770705908537,0.44282966727127954,3.722978353500366,0.04916684702038765
13,1.5,background_only,0.16063170026775864,0.3316721077123387,0.2677952405065298,0.43339142948604403,3.722978353500366,1.908208942040801
13,1.5,illumination_only,0.15870987858196856,0.30866880028743343,0.265947250649333,0.46654521052953596,3.722978353500366,5.666541866958141
13,1.5,registration_only,0.46801685805323356,0.8630716685794094,0.12059393525123596,0.29758253309166066,0.08462601900100708,1.0678749531507492
13,1.5,full,0.48691535281130605,0.8780480703668604,0.11712108924984932,0.2884689650450475,0.06682685762643814,8.34466703236103
13,1.5,full_no_background,0.4647350665773855,0.872976505553773,0.12258491106331348,0.3179657026278756,0.0909203290939331,6.339791929349303
13,1.5,full_no_illumination,0.4886134079359684,0.8670694820667096,0.11761249415576458,0.26561859467434906,0.0909203290939331,2.959042089059949
13,1.5,full_no_registration,0.15943821385581516,0.3168885554482824,0.26949700340628624,0.46058195915110456,3.722978353500366,7.685333956032991
14,1.5,raw,0.20681271246029528,0.4607102965400768,0.23760285042226315,0.42282359777204426,3.2957985401153564,0.04475004971027374
14,1.5,background_only,0.21068277028065044,0.4579196316698373,0.23967470414936543,0.4135730964814434,3.2957985401153564,1.8869168125092983
14,1.5,illumination_only,0.1971451794311969,0.42149085790176977,0.24248804338276386,0.4590301141169985,3.2957985401153564,5.842249840497971
14,1.5,registration_only,0.4799532066874235,0.8743630201748598,0.12921935506165028,0.301355262529915,0.07593448460102081,1.072250073775649
14,1.5,full,0.48183377780907455,0.861988442612022,0.1437678188085556,0.30056896540507816,0.05773353949189186,8.157749893143773
14,1.5,full_no_background,0.4572011688264854,0.8656252458599203,0.15423584170639515,0.33218672654653114,0.05773353949189186,6.276292027905583
14,1.5,full_no_illumination,0.5023801800025983,0.881671025949078,0.12490729615092278,0.2670617985330053,0.07593448460102081,2.9076251666992903
14,1.5,full_no_registration,0.2009592544915616,0.4184985954985464,0.24335186183452606,0.4569965918360332,3.2957985401153564,7.478666957467794
15,1.5,raw,0.24571714155071842,0.5306542970251841,0.22418846376240253,0.42980360238024545,2.7570486068725586,0.0449582003057003
15,1.5,background_only,0.2501978046856074,0.5405340635928395,0.22398531809449196,0.41297150368694524,2.7570486068725586,1.8938749562948942
15,1.5,illumination_only,0.24440793013967946,0.5321303442719413,0.21711901016533375,0.4471888635753376,2.7570486068725586,5.473040975630283
15,1.5,registration_only,0.43973241472145647,0.8471385906173399,0.141317430883646,0.3448856276569011,0.06908678263425827,1.0483749210834503
15,1.5,full,0.46125897493605195,0.8890733100834257,0.12569008953869343,0.31858182263359613,0.06908678263425827,8.221375057473779
15,1.5,full_no_background,0.43246870148748284,0.8856826502396937,0.13738494738936424,0.3615365764163889,0.06908678263425827,6.2790000811219215
15,1.5,full_no_illumination,0.4696862768441371,0.8673504168724379,0.12937034107744694,0.2989176798826516,0.06908678263425827,2.9205409809947014
15,1.5,full_no_registration,0.24719062242722123,0.5361393977675045,0.21830512583255768,0.43699621227963975,2.7570486068725586,7.30670802295208
16,1.5,raw,0.1507381911040011,0.3475741924402232,0.2585156764835119,0.4588703594285486,3.756946563720703,0.04320894367992878
16,1.5,background_only,0.15197444707917873,0.35512400583507775,0.2632184140384197,0.44584645705305936,3.756946563720703,1.8764159176498652
16,1.5,illumination_only,0.14797192932083983,0.3475312250825854,0.25563862547278404,0.48254214373227344,3.756946563720703,5.618666997179389
16,1.5,registration_only,0.4703318749330841,0.8370865498825155,0.1375973243266344,0.3123041811532114,0.04537533223628998,1.099832821637392
16,1.5,full,0.4945195632163576,0.8914245887548775,0.11840197816491127,0.2984087245297569,0.04537533223628998,8.224875200539827
16,1.5,full_no_background,0.4661112905082391,0.8893609819546797,0.13021419942378998,0.3318769361334496,0.04537533223628998,6.520416121929884
16,1.5,full_no_illumination,0.49917303728548923,0.8660440959711339,0.12239668518304825,0.2766983921856136,0.04537533223628998,2.922459039837122
16,1.5,full_no_registration,0.14924472801289734,0.3528843570004878,0.2612325679510832,0.4741935802392205,3.756946563720703,7.368457969278097
17,1.5,raw,0.23689141697264135,0.5472288547992159,0.216323334723711,0.43927330786171365,3.034442901611328,0.04658382385969162
17,1.5,background_only,0.24099954605202054,0.5497227865441222,0.2168524544686079,0.42781660970135793,3.034442901611328,1.8805419094860554
17,1.5,illumination_only,0.23479229890543205,0.5316952353211166,0.21816906332969666,0.46085535490449925,3.034442901611328,5.376542219892144
17,1.5,registration_only,0.4817585505018396,0.8842564243604327,0.12442976795136929,0.32497067827206894,0.05449898540973663,1.1373341549187899
17,1.5,full,0.4981413687038775,0.8900839164399482,0.12187313847243786,0.3166950671072382,0.05449898540973663,8.111041970551014
17,1.5,full_no_background,0.47197302235181404,0.8932075809681086,0.13450953364372253,0.34751820540518163,0.05449898540973663,6.402499973773956
17,1.5,full_no_illumination,0.5078625699002971,0.8937794689563074,0.1121516041457653,0.29308883792241114,0.05449898540973663,2.8405420016497374
17,1.5,full_no_registration,0.23883763258528223,0.5302525000227104,0.21848178282380104,0.4535495467039205,3.034442901611328,7.2595421224832535
18,1.5,raw,0.22891689219926453,0.43040469099823925,0.22435938566923141,0.4135300963602731,2.4297990798950195,0.05691708065569401
18,1.5,background_only,0.23529580808080508,0.42680963664100824,0.22489988058805466,0.3995881716695047,2.4297990798950195,1.8587501253932714
18,1.5,illumination_only,0.22863390201036352,0.40722755408098915,0.23180865682661533,0.434378058248795,2.4297990798950195,5.230374867096543
18,1.5,registration_only,0.4545572934711868,0.8206122181612785,0.1475809309631586,0.32853214493685784,0.03490645810961723,1.050082966685295
18,1.5,full,0.4761622416280631,0.8126838392444751,0.14707252383232117,0.31182044544961274,0.020207298919558525,8.155958028510213
18,1.5,full_no_background,0.4507166290608591,0.8185102652847397,0.15185361541807652,0.34898920622767415,0.020207298919558525,6.826833821833134
18,1.5,full_no_illumination,0.48051160811783455,0.8307285278321477,0.13663850165903568,0.28819399876774976,0.03490645810961723,2.8583749663084745
18,1.5,full_no_registration,0.23373370740937366,0.4002062430273693,0.23608963191509247,0.42615460359524737,2.4297990798950195,7.568833185359836
19,1.5,raw,0.17177455340870276,0.42911751152049926,0.2616884559392929,0.4651135884644298,3.8372344970703125,0.047666020691394806
19,1.5,background_only,0.17543806426472094,0.4279980487828992,0.26709521748125553,0.45024230659342335,3.8372344970703125,1.8457500264048576
19,1.5,illumination_only,0.16969842612248087,0.40869694860314126,0.2614003401249647,0.486074357363243,3.8372344970703125,5.415499908849597
19,1.5,registration_only,0.47217673623838674,0.8468465901930459,0.1336734127253294,0.30865764843308646,0.06235401704907417,1.1416252236813307
19,1.5,full,0.49125495750891,0.8254835176870504,0.14082532934844494,0.28766191933273266,0.06235401704907417,7.939291885122657
19,1.5,full_no_background,0.4618994687847666,0.8406743597050141,0.1444321572780609,0.322802700430925,0.06235401704907417,6.3818341586738825
19,1.5,full_no_illumination,0.5011378750894406,0.8541855447777784,0.12781590595841408,0.27085289508028837,0.06235401704907417,2.7856670785695314
19,1.5,full_no_registration,0.17274098846043112,0.4053071511460749,0.267974192276597,0.4763925149028765,3.8372344970703125,7.143083028495312
20,1.5,raw,0.28141255673656224,0.5287285976585157,0.22196277044713497,0.3827378841207544,2.046229600906372,0.047416891902685165
20,1.5,background_only,0.2869851090114134,0.5292902889839708,0.22398698516190052,0.37125279351581886,2.046229600906372,1.8297499045729637
20,1.5,illumination_only,0.28078827327261635,0.5124146135160578,0.2194395363330841,0.4044764675588921,2.046229600906372,5.138499895110726
20,1.5,registration_only,0.4843394756503376,0.8777591866813994,0.12415151856839657,0.3250828923639818,0.07307582348585129,1.1687499936670065
20,1.5,full,0.5008055867325903,0.879173280128848,0.12158566899597645,0.3175866968214743,0.08246960490942001,7.910124957561493
20,1.5,full_no_background,0.47903485110355287,0.8841833742225756,0.1252707876265049,0.3481081595170161,0.08246960490942001,6.5788328647613525
20,1.5,full_no_illumination,0.5076094417238355,0.8873024031161088,0.11794445849955082,0.29330446637595503,0.07307582348585129,2.755875000730157
20,1.5,full_no_registration,0.2851028107054455,0.5080629065428772,0.22343719191849232,0.3973571811414769,2.046229600906372,7.783208973705769
21,1.5,raw,0.2528656000446781,0.5125508552230205,0.22183243557810783,0.3921874604312027,2.3639278411865234,0.04929094575345516
21,1.5,background_only,0.2583335809682896,0.5245757080572788,0.222223537042737,0.3736407915365628,2.3639278411865234,1.8308749422430992
21,1.5,illumination_only,0.25494457220337685,0.5268813562350426,0.21451390348374844,0.4044547419871386,2.3639278411865234,5.405375035479665
21,1.5,registration_only,0.44663748546653137,0.8268051376564254,0.1445949673652649,0.331892049627807,0.020046725869178772,1.4276669826358557
21,1.5,full,0.47852364041384043,0.8741926957317405,0.12213078141212463,0.30638940728196773,0.048321157693862915,8.228708989918232
21,1.5,full_no_background,0.4478604717986372,0.8715330838684429,0.1322253830730915,0.3472166687231907,0.048321157693862915,6.666457979008555
21,1.5,full_no_illumination,0.4785601200248323,0.849584053033839,0.12961253337562084,0.2886799354266006,0.020046725869178772,2.8032090049237013
21,1.5,full_no_registration,0.2590704403225754,0.53253393753666,0.2171643879264593,0.39186284747700384,2.3639278411865234,7.259125122800469
22,1.5,raw,0.1857407518614726,0.4505528187154877,0.24131477810442448,0.4167579077611871,3.2067620754241943,0.04779198206961155
22,1.5,background_only,0.1873167545729893,0.4473267321037866,0.24651495553553104,0.40348384092243744,3.2067620754241943,1.8415830563753843
22,1.5,illumination_only,0.18193742201461663,0.4022155604452713,0.2462458200752735,0.45416492497758876,3.2067620754241943,5.250500049442053
22,1.5,registration_only,0.49283947319351246,0.9066685991966491,0.10940097086131573,0.3043704985436341,0.028606869280338287,1.09149981290102
22,1.5,full,0.4962396429599508,0.866153517552201,0.13461178541183472,0.3046047577288483,0.043542832136154175,8.53712484240532
22,1.5,full_no_background,0.4739421828438837,0.8799569235256152,0.13624561578035355,0.33335106721469027,0.028606869280338287,7.125791860744357
22,1.5,full_no_illumination,0.5160105580659702,0.9145999169842447,0.10356555692851543,0.2728245579778393,0.028606869280338287,2.8622501995414495
22,1.5,full_no_registration,0.18315858242176924,0.396096164169059,0.25317854061722755,0.44703895108965536,3.2067620754241943,7.47695891186595
23,1.5,raw,0.14547187164612924,0.386121961125948,0.25559814646840096,0.4714244751748617,3.9550693035125732,0.046582892537117004
23,1.5,background_only,0.14763280411392188,0.3803040373345726,0.2589563615620136,0.4550607381068661,3.9550693035125732,1.8580839969217777
23,1.5,illumination_only,0.14266762754328938,0.3391088466146156,0.25803920812904835,0.4978355900573756,3.9550693035125732,5.394459003582597
23,1.5,registration_only,0.46523742269340507,0.830639480529148,0.1371658854186535,0.30688262057404353,0.07696282863616943,1.174916047602892
23,1.5,full,0.4743687404742543,0.8259793854769436,0.14175581745803356,0.2998211970288706,0.07696282863616943,8.38900008238852
23,1.5,full_no_background,0.45023654979476563,0.8322719357009478,0.14613152854144573,0.33235478035794613,0.07696282863616943,6.6269999369978905
23,1.5,full_no_illumination,0.4911586583989067,0.8499587249713965,0.1278632991015911,0.2700275244995592,0.07696282863616943,2.8405829798430204
23,1.5,full_no_registration,0.14404997282166565,0.33020599085048935,0.26311768777668476,0.48946403489286305,3.9550693035125732,7.553750183433294
